-- phpMyAdmin SQL Dump
-- version 5.2.0
-- https://www.phpmyadmin.net/
--
-- Host: 127.0.0.1
-- Generation Time: Feb 11, 2023 at 12:03 AM
-- Server version: 10.4.27-MariaDB
-- PHP Version: 8.2.0

SET SQL_MODE = "NO_AUTO_VALUE_ON_ZERO";
START TRANSACTION;
SET time_zone = "+00:00";


/*!40101 SET @OLD_CHARACTER_SET_CLIENT=@@CHARACTER_SET_CLIENT */;
/*!40101 SET @OLD_CHARACTER_SET_RESULTS=@@CHARACTER_SET_RESULTS */;
/*!40101 SET @OLD_COLLATION_CONNECTION=@@COLLATION_CONNECTION */;
/*!40101 SET NAMES utf8mb4 */;

--
-- Database: `saw`
--

-- --------------------------------------------------------

--
-- Table structure for table `tb_crisp`
--

CREATE TABLE `tb_crisp` (
  `kode_crisp` int(11) NOT NULL,
  `kode_kriteria` varchar(16) DEFAULT NULL,
  `nama_crisp` varchar(255) DEFAULT NULL,
  `nilai` double DEFAULT NULL
) ENGINE=InnoDB DEFAULT CHARSET=utf8mb4 COLLATE=utf8mb4_general_ci;

--
-- Dumping data for table `tb_crisp`
--

INSERT INTO `tb_crisp` (`kode_crisp`, `kode_kriteria`, `nama_crisp`, `nilai`) VALUES
(1, 'C01', 'Bambu', 5),
(2, 'C01', 'Triplek', 4),
(3, 'C01', 'Batako', 3),
(4, 'C02', '3.000.000-5.000.000', 4),
(5, 'C02', '2.000.000-3.000.000', 3),
(6, 'C02', '1.000.000-2.000.000', 2),
(7, 'C02', '500.000-1.000.000', 1),
(8, 'C03', 'Wiraswasta/Pedagang', 2),
(9, 'C03', 'PNS/Pekerja Kantoran', 3),
(10, 'C04', '4-5 orang', 3),
(11, 'C04', '2-3 orang', 2),
(15, 'C01', 'Batu Bata ', 2),
(16, 'C01', 'Beton', 1),
(17, 'C02', '>5.000.000', 5),
(18, 'C03', 'Pengusaha', 1),
(19, 'C03', 'Petani/Sopir', 4),
(20, 'C03', 'Buruh/Tukang Becak', 5),
(21, 'C04', '1 orang', 1),
(22, 'C04', '>6 Orang', 4);

-- --------------------------------------------------------

--
-- Table structure for table `tb_hasil`
--

CREATE TABLE `tb_hasil` (
  `kode_siswa` varchar(16) DEFAULT NULL,
  `kode_periode` varchar(16) DEFAULT NULL,
  `total` double DEFAULT NULL,
  `rank` int(11) DEFAULT NULL
) ENGINE=InnoDB DEFAULT CHARSET=utf8mb4 COLLATE=utf8mb4_general_ci;

--
-- Dumping data for table `tb_hasil`
--

INSERT INTO `tb_hasil` (`kode_siswa`, `kode_periode`, `total`, `rank`) VALUES
('A002', 'P001', 0.7125, 1),
('A001', 'P001', 0.6375, 3),
('A007', 'P001', 0.6375, 4),
('A004', 'P001', 0.5375, 7),
('A003', 'P001', 0.5125, 8),
('A005', 'P001', 0.50416666666667, 10);

-- --------------------------------------------------------

--
-- Table structure for table `tb_hasil_lama`
--

CREATE TABLE `tb_hasil_lama` (
  `kode_siswa` varchar(16) DEFAULT NULL,
  `kode_periode` varchar(16) DEFAULT NULL,
  `total` double DEFAULT NULL,
  `rank` int(11) DEFAULT NULL
) ENGINE=InnoDB DEFAULT CHARSET=utf8mb4 COLLATE=utf8mb4_general_ci;

--
-- Dumping data for table `tb_hasil_lama`
--

INSERT INTO `tb_hasil_lama` (`kode_siswa`, `kode_periode`, `total`, `rank`) VALUES
('A005', 'P003', 0.9, 1),
('A004', 'P003', 0.83, 2),
('A007', 'P003', 0.63, 3),
('A006', 'P003', 0.5375, 4),
('A003', 'P003', 0.53666666666667, 5),
('A002', 'P001', 0.8, 1),
('A001', 'P001', 0.625, 2),
('A003', 'P001', 0.5875, 3),
('A004', 'P001', 0.4875, 4),
('A007', 'P002', 0.95, 1),
('A005', 'P002', 0.625, 2),
('A006', 'P002', 0.625, 3);

-- --------------------------------------------------------

--
-- Table structure for table `tb_kelas`
--

CREATE TABLE `tb_kelas` (
  `kode_kelas` varchar(16) NOT NULL,
  `nama_kelas` varchar(255) DEFAULT NULL
) ENGINE=InnoDB DEFAULT CHARSET=utf8mb4 COLLATE=utf8mb4_general_ci;

--
-- Dumping data for table `tb_kelas`
--

INSERT INTO `tb_kelas` (`kode_kelas`, `nama_kelas`) VALUES
('K01', 'VII A'),
('K02', 'VII B'),
('K03', 'VII C'),
('K04', 'VII D'),
('K05', 'VIII A'),
('K06', 'VIII B'),
('K07', 'VIII C'),
('K08', 'VIII D'),
('K09', 'IX A'),
('K10', 'IX B'),
('K11', 'IX C'),
('K12', 'IX D'),
('K13', 'IX E');

-- --------------------------------------------------------

--
-- Table structure for table `tb_kriteria`
--

CREATE TABLE `tb_kriteria` (
  `kode_kriteria` varchar(16) NOT NULL,
  `nama_kriteria` varchar(255) DEFAULT NULL,
  `atribut` varchar(255) DEFAULT NULL,
  `bobot` double DEFAULT NULL
) ENGINE=MyISAM DEFAULT CHARSET=latin1 COLLATE=latin1_swedish_ci;

--
-- Dumping data for table `tb_kriteria`
--

INSERT INTO `tb_kriteria` (`kode_kriteria`, `nama_kriteria`, `atribut`, `bobot`) VALUES
('C01', 'Kondisi Dinding Rumah', 'benefit', 0.2),
('C02', 'Penghasilan', 'cost', 0.35),
('C03', 'Pekerjaan', 'benefit', 0.25),
('C04', 'Jumlah Tanggungan', 'benefit', 0.2);

-- --------------------------------------------------------

--
-- Table structure for table `tb_periode`
--

CREATE TABLE `tb_periode` (
  `kode_periode` varchar(16) NOT NULL,
  `nama_periode` varchar(255) DEFAULT NULL,
  `status_periode` varchar(16) DEFAULT NULL
) ENGINE=InnoDB DEFAULT CHARSET=utf8mb4 COLLATE=utf8mb4_general_ci;

--
-- Dumping data for table `tb_periode`
--

INSERT INTO `tb_periode` (`kode_periode`, `nama_periode`, `status_periode`) VALUES
('P001', '2021/2022', NULL);

-- --------------------------------------------------------

--
-- Table structure for table `tb_rel_siswa`
--

CREATE TABLE `tb_rel_siswa` (
  `ID` int(11) NOT NULL,
  `kode_siswa` varchar(16) DEFAULT NULL,
  `kode_periode` varchar(16) DEFAULT NULL,
  `kode_kriteria` varchar(16) DEFAULT NULL,
  `kode_crisp` int(11) DEFAULT NULL,
  `status_rel_siswa` varchar(16) DEFAULT NULL,
  `total` double DEFAULT NULL,
  `rank` int(11) DEFAULT NULL
) ENGINE=MyISAM DEFAULT CHARSET=latin1 COLLATE=latin1_swedish_ci;

--
-- Dumping data for table `tb_rel_siswa`
--

INSERT INTO `tb_rel_siswa` (`ID`, `kode_siswa`, `kode_periode`, `kode_kriteria`, `kode_crisp`, `status_rel_siswa`, `total`, `rank`) VALUES
(1315, '0093054435', 'P001', 'C01', 15, 'Acc', 0.4175, 83),
(1314, '0093840229', 'P001', 'C04', 21, 'Acc', 0.3175, 130),
(1313, '0093840229', 'P001', 'C03', 8, 'Acc', 0.3175, 130),
(1312, '0093840229', 'P001', 'C02', 4, 'Acc', 0.3175, 130),
(1311, '0093840229', 'P001', 'C01', 15, 'Acc', 0.3175, 130),
(1310, '0082924771', 'P001', 'C04', 11, 'Acc', 0.555, 54),
(1309, '0082924771', 'P001', 'C03', 19, 'Acc', 0.555, 54),
(1308, '0082924771', 'P001', 'C02', 6, 'Acc', 0.555, 54),
(1307, '0082924771', 'P001', 'C01', 15, 'Acc', 0.555, 54),
(1306, '0091249971', 'P001', 'C04', 10, 'Acc', 0.645, 32),
(1305, '0091249971', 'P001', 'C03', 19, 'Acc', 0.645, 32),
(1304, '0091249971', 'P001', 'C02', 6, 'Acc', 0.645, 32),
(1303, '0091249971', 'P001', 'C01', 3, 'Acc', 0.645, 32),
(1302, '0095273081', 'P001', 'C04', 11, 'Acc', 0.9, 4),
(1301, '0095273081', 'P001', 'C03', 20, 'Acc', 0.9, 4),
(1300, '0095273081', 'P001', 'C02', 7, 'Acc', 0.9, 4),
(1299, '0095273081', 'P001', 'C01', 1, 'Acc', 0.9, 4),
(1298, '0093555988', 'P001', 'C04', 10, 'Acc', 0.4175, 85),
(1297, '0093555988', 'P001', 'C03', 8, 'Acc', 0.4175, 85),
(1296, '0093555988', 'P001', 'C02', 4, 'Acc', 0.4175, 85),
(1295, '0093555988', 'P001', 'C01', 15, 'Acc', 0.4175, 85),
(1294, '0098617681', 'P001', 'C04', 11, 'Acc', 0.78, 28),
(1293, '0098617681', 'P001', 'C03', 20, 'Acc', 0.78, 28),
(1292, '0098617681', 'P001', 'C02', 7, 'Acc', 0.78, 28),
(1291, '0098617681', 'P001', 'C01', 15, 'Acc', 0.78, 28),
(1290, '0091579877', 'P001', 'C04', 11, 'Acc', 0.43666666666667, 77),
(1289, '0091579877', 'P001', 'C03', 8, 'Acc', 0.43666666666667, 77),
(1288, '0091579877', 'P001', 'C02', 5, 'Acc', 0.43666666666667, 77),
(1287, '0091579877', 'P001', 'C01', 3, 'Acc', 0.43666666666667, 77),
(1286, '0093515573', 'P001', 'C04', 10, 'Acc', 0.4175, 84),
(1285, '0093515573', 'P001', 'C03', 8, 'Acc', 0.4175, 84),
(1284, '0093515573', 'P001', 'C02', 4, 'Acc', 0.4175, 84),
(1283, '0093515573', 'P001', 'C01', 15, 'Acc', 0.4175, 84),
(1282, '0084135464', 'P001', 'C04', 10, 'Acc', 0.87, 7),
(1281, '0084135464', 'P001', 'C03', 20, 'Acc', 0.87, 7),
(1280, '0084135464', 'P001', 'C02', 7, 'Acc', 0.87, 7),
(1279, '0084135464', 'P001', 'C01', 3, 'Acc', 0.87, 7),
(1278, '3087849885', 'P001', 'C04', 11, 'Acc', 0.595, 45),
(1277, '3087849885', 'P001', 'C03', 19, 'Acc', 0.595, 45),
(1276, '3087849885', 'P001', 'C02', 6, 'Acc', 0.595, 45),
(1275, '3087849885', 'P001', 'C01', 3, 'Acc', 0.595, 45),
(1274, '3085328088', 'P001', 'C04', 11, 'Acc', 0.3675, 123),
(1273, '3085328088', 'P001', 'C03', 8, 'Acc', 0.3675, 123),
(1272, '3085328088', 'P001', 'C02', 4, 'Acc', 0.3675, 123),
(1271, '3085328088', 'P001', 'C01', 15, 'Acc', 0.3675, 123),
(1270, '3082764223', 'P001', 'C04', 10, 'Acc', 0.4175, 86),
(1269, '3082764223', 'P001', 'C03', 8, 'Acc', 0.4175, 86),
(1268, '3082764223', 'P001', 'C02', 4, 'Acc', 0.4175, 86),
(1267, '3082764223', 'P001', 'C01', 15, 'Acc', 0.4175, 86),
(1266, '3085528642', 'P001', 'C04', 11, 'Acc', 0.3675, 124),
(1265, '3085528642', 'P001', 'C03', 8, 'Acc', 0.3675, 124),
(1264, '3085528642', 'P001', 'C02', 4, 'Acc', 0.3675, 124),
(1263, '3085528642', 'P001', 'C01', 15, 'Acc', 0.3675, 124),
(1262, '3097914985', 'P001', 'C04', 11, 'Acc', 0.595, 47),
(1261, '3097914985', 'P001', 'C03', 19, 'Acc', 0.595, 47),
(1260, '3097914985', 'P001', 'C02', 6, 'Acc', 0.595, 47),
(1257, '3083596256', 'P001', 'C03', 8, 'Acc', 0.3675, 122),
(1254, '3096693185', 'P001', 'C04', 10, 'Acc', 0.4175, 87),
(1253, '3096693185', 'P001', 'C03', 8, 'Acc', 0.4175, 87),
(1252, '3096693185', 'P001', 'C02', 4, 'Acc', 0.4175, 87),
(1251, '3096693185', 'P001', 'C01', 15, 'Acc', 0.4175, 87),
(1250, '3082369826', 'P001', 'C04', 11, 'Acc', 0.9, 5),
(1249, '3082369826', 'P001', 'C03', 20, 'Acc', 0.9, 5),
(1248, '3082369826', 'P001', 'C02', 7, 'Acc', 0.9, 5),
(1247, '3082369826', 'P001', 'C01', 1, 'Acc', 0.9, 5),
(1246, '3083594392', 'P001', 'C04', 11, 'Acc', 0.39666666666667, 97),
(1245, '3083594392', 'P001', 'C03', 8, 'Acc', 0.39666666666667, 97),
(1244, '3083594392', 'P001', 'C02', 5, 'Acc', 0.39666666666667, 97),
(1243, '3083594392', 'P001', 'C01', 15, 'Acc', 0.39666666666667, 97),
(1242, '3098002579', 'P001', 'C04', 11, 'Acc', 0.82, 24),
(1241, '3098002579', 'P001', 'C03', 20, 'Acc', 0.82, 24),
(1240, '3098002579', 'P001', 'C02', 7, 'Acc', 0.82, 24),
(1239, '3098002579', 'P001', 'C01', 3, 'Acc', 0.82, 24),
(1211, '0091183399', 'P001', 'C04', 11, 'Acc', 0.555, 59),
(1210, '0091183399', 'P001', 'C03', 19, 'Acc', 0.555, 59),
(1209, '0091183399', 'P001', 'C02', 6, 'Acc', 0.555, 59),
(1208, '0091183399', 'P001', 'C01', 15, 'Acc', 0.555, 59),
(1207, '0092840411', 'P001', 'C04', 11, 'Acc', 0.595, 42),
(1206, '0092840411', 'P001', 'C03', 19, 'Acc', 0.595, 42),
(1205, '0092840411', 'P001', 'C02', 6, 'Acc', 0.595, 42),
(1204, '0092840411', 'P001', 'C01', 3, 'Acc', 0.595, 42),
(1203, '0089757888', 'P001', 'C04', 11, 'Acc', 0.3675, 119),
(1202, '0089757888', 'P001', 'C03', 8, 'Acc', 0.3675, 119),
(1201, '0089757888', 'P001', 'C02', 4, 'Acc', 0.3675, 119),
(1200, '0089757888', 'P001', 'C01', 15, 'Acc', 0.3675, 119),
(1199, '0085900570', 'P001', 'C04', 10, 'Acc', 0.87, 8),
(1196, '0085900570', 'P001', 'C01', 3, 'Acc', 0.87, 8),
(1197, '0085900570', 'P001', 'C02', 7, 'Acc', 0.87, 8),
(1198, '0085900570', 'P001', 'C03', 20, 'Acc', 0.87, 8),
(1238, '0082912438', 'P001', 'C04', 11, 'Acc', 0.82, 22),
(1237, '0082912438', 'P001', 'C03', 20, 'Acc', 0.82, 22),
(1236, '0082912438', 'P001', 'C02', 7, 'Acc', 0.82, 22),
(1235, '0082912438', 'P001', 'C01', 3, 'Acc', 0.82, 22),
(1191, '3090430275', 'P001', 'C04', 11, 'Acc', 0.555, 60),
(1190, '3090430275', 'P001', 'C03', 19, 'Acc', 0.555, 60),
(1189, '3090430275', 'P001', 'C02', 6, 'Acc', 0.555, 60),
(1188, '3090430275', 'P001', 'C01', 15, 'Acc', 0.555, 60),
(1187, '3088426270', 'P001', 'C04', 11, 'Acc', 0.82, 23),
(1259, '3097914985', 'P001', 'C01', 3, 'Acc', 0.595, 47),
(1258, '3083596256', 'P001', 'C04', 11, 'Acc', 0.3675, 122),
(1179, '3095636208', 'P001', 'C04', 11, 'Acc', 0.3675, 125),
(1178, '3095636208', 'P001', 'C03', 8, 'Acc', 0.3675, 125),
(1177, '3095636208', 'P001', 'C02', 4, 'Acc', 0.3675, 125),
(1176, '3095636208', 'P001', 'C01', 15, 'Acc', 0.3675, 125),
(1175, '3099174969', 'P001', 'C04', 11, 'Acc', 0.78, 29),
(1174, '3099174969', 'P001', 'C03', 20, 'Acc', 0.78, 29),
(1173, '3099174969', 'P001', 'C02', 7, 'Acc', 0.78, 29),
(1172, '3099174969', 'P001', 'C01', 15, 'Acc', 0.78, 29),
(1256, '3083596256', 'P001', 'C02', 4, 'Acc', 0.3675, 122),
(1255, '3083596256', 'P001', 'C01', 15, 'Acc', 0.3675, 122),
(1183, '3096355187', 'P001', 'C04', 11, 'Acc', 0.3675, 126),
(1182, '3096355187', 'P001', 'C03', 8, 'Acc', 0.3675, 126),
(1181, '3096355187', 'P001', 'C02', 4, 'Acc', 0.3675, 126),
(1180, '3096355187', 'P001', 'C01', 15, 'Acc', 0.3675, 126),
(1186, '3088426270', 'P001', 'C03', 20, 'Acc', 0.82, 23),
(1185, '3088426270', 'P001', 'C02', 7, 'Acc', 0.82, 23),
(1184, '3088426270', 'P001', 'C01', 3, 'Acc', 0.82, 23),
(1316, '0093054435', 'P001', 'C02', 4, 'Acc', 0.4175, 83),
(1317, '0093054435', 'P001', 'C03', 8, 'Acc', 0.4175, 83),
(1318, '0093054435', 'P001', 'C04', 10, 'Acc', 0.4175, 83),
(1319, '3074353350', 'P001', 'C01', 3, 'Acc', 0.595, 44),
(1320, '3074353350', 'P001', 'C02', 6, 'Acc', 0.595, 44),
(1321, '3074353350', 'P001', 'C03', 19, 'Acc', 0.595, 44),
(1322, '3074353350', 'P001', 'C04', 11, 'Acc', 0.595, 44),
(1323, '3090811975', 'P001', 'C01', 3, 'Acc', 0.595, 46),
(1324, '3090811975', 'P001', 'C02', 6, 'Acc', 0.595, 46),
(1325, '3090811975', 'P001', 'C03', 19, 'Acc', 0.595, 46),
(1326, '3090811975', 'P001', 'C04', 11, 'Acc', 0.595, 46),
(1327, '0089552965', 'P001', 'C01', 15, 'Acc', 0.3675, 118),
(1328, '0089552965', 'P001', 'C02', 4, 'Acc', 0.3675, 118),
(1329, '0089552965', 'P001', 'C03', 8, 'Acc', 0.3675, 118),
(1330, '0089552965', 'P001', 'C04', 11, 'Acc', 0.3675, 118),
(1331, '0083095060', 'P001', 'C01', 15, 'Acc', 0.605, 33),
(1332, '0083095060', 'P001', 'C02', 6, 'Acc', 0.605, 33),
(1333, '0083095060', 'P001', 'C03', 19, 'Acc', 0.605, 33),
(1334, '0083095060', 'P001', 'C04', 10, 'Acc', 0.605, 33),
(1335, '0098056674', 'P001', 'C01', 3, 'Acc', 0.87, 9),
(1336, '0098056674', 'P001', 'C02', 7, 'Acc', 0.87, 9),
(1337, '0098056674', 'P001', 'C03', 20, 'Acc', 0.87, 9),
(1338, '0098056674', 'P001', 'C04', 10, 'Acc', 0.87, 9),
(1339, '0099019746', 'P001', 'C01', 15, 'Acc', 0.3675, 120),
(1340, '0099019746', 'P001', 'C02', 4, 'Acc', 0.3675, 120),
(1341, '0099019746', 'P001', 'C03', 8, 'Acc', 0.3675, 120),
(1342, '0099019746', 'P001', 'C04', 11, 'Acc', 0.3675, 120),
(1343, '0072240847', 'P001', 'C01', 3, 'Acc', 0.87, 6),
(1344, '0072240847', 'P001', 'C02', 7, 'Acc', 0.87, 6),
(1345, '0072240847', 'P001', 'C03', 20, 'Acc', 0.87, 6),
(1346, '0072240847', 'P001', 'C04', 10, 'Acc', 0.87, 6),
(1347, '0078956377', 'P001', 'C01', 3, 'Acc', 0.595, 40),
(1348, '0078956377', 'P001', 'C02', 6, 'Acc', 0.595, 40),
(1349, '0078956377', 'P001', 'C03', 19, 'Acc', 0.595, 40),
(1350, '0078956377', 'P001', 'C04', 11, 'Acc', 0.595, 40),
(1351, '0071000318', 'P001', 'C01', 15, 'Acc', 0.39666666666667, 91),
(1352, '0071000318', 'P001', 'C02', 5, 'Acc', 0.39666666666667, 91),
(1353, '0071000318', 'P001', 'C03', 8, 'Acc', 0.39666666666667, 91),
(1354, '0071000318', 'P001', 'C04', 11, 'Acc', 0.39666666666667, 91),
(1355, '0076975908', 'P001', 'C01', 3, 'Acc', 0.82, 20),
(1356, '0076975908', 'P001', 'C02', 7, 'Acc', 0.82, 20),
(1357, '0076975908', 'P001', 'C03', 20, 'Acc', 0.82, 20),
(1358, '0076975908', 'P001', 'C04', 11, 'Acc', 0.82, 20),
(1359, '0087853804', 'P001', 'C01', 3, 'Acc', 0.43666666666667, 75),
(1360, '0087853804', 'P001', 'C02', 5, 'Acc', 0.43666666666667, 75),
(1361, '0087853804', 'P001', 'C03', 8, 'Acc', 0.43666666666667, 75),
(1362, '0087853804', 'P001', 'C04', 11, 'Acc', 0.43666666666667, 75),
(1363, '0083568330', 'P001', 'C01', 1, 'Acc', 0.95, 3),
(1364, '0083568330', 'P001', 'C02', 7, 'Acc', 0.95, 3),
(1365, '0083568330', 'P001', 'C03', 20, 'Acc', 0.95, 3),
(1366, '0083568330', 'P001', 'C04', 10, 'Acc', 0.95, 3),
(1367, '0069030014', 'P001', 'C01', 15, 'Acc', 0.555, 61),
(1368, '0069030014', 'P001', 'C02', 6, 'Acc', 0.555, 61),
(1369, '0069030014', 'P001', 'C03', 8, 'Acc', 0.555, 61),
(1370, '0069030014', 'P001', 'C04', 22, 'Acc', 0.555, 61),
(1371, '0068178171', 'P001', 'C01', 3, 'Acc', 0.48666666666667, 65),
(1372, '0068178171', 'P001', 'C02', 5, 'Acc', 0.48666666666667, 65),
(1373, '0068178171', 'P001', 'C03', 8, 'Acc', 0.48666666666667, 65),
(1374, '0068178171', 'P001', 'C04', 10, 'Acc', 0.48666666666667, 65),
(1375, '0072178274', 'P001', 'C01', 15, 'Acc', 0.555, 50),
(1376, '0072178274', 'P001', 'C02', 6, 'Acc', 0.555, 50),
(1377, '0072178274', 'P001', 'C03', 19, 'Acc', 0.555, 50),
(1378, '0072178274', 'P001', 'C04', 11, 'Acc', 0.555, 50),
(1379, '0078916939', 'P001', 'C01', 15, 'Acc', 0.39666666666667, 95),
(1380, '0078916939', 'P001', 'C02', 5, 'Acc', 0.39666666666667, 95),
(1381, '0078916939', 'P001', 'C03', 8, 'Acc', 0.39666666666667, 95),
(1382, '0078916939', 'P001', 'C04', 11, 'Acc', 0.39666666666667, 95),
(1383, '0087472003', 'P001', 'C01', 15, 'Acc', 0.83, 12),
(1384, '0087472003', 'P001', 'C02', 7, 'Acc', 0.83, 12),
(1385, '0087472003', 'P001', 'C03', 20, 'Acc', 0.83, 12),
(1386, '0087472003', 'P001', 'C04', 10, 'Acc', 0.83, 12),
(1387, '3056417808', 'P001', 'C01', 3, 'Acc', 0.595, 43),
(1388, '3056417808', 'P001', 'C02', 6, 'Acc', 0.595, 43),
(1389, '3056417808', 'P001', 'C03', 19, 'Acc', 0.595, 43),
(1390, '3056417808', 'P001', 'C04', 11, 'Acc', 0.595, 43),
(1391, '0083382350', 'P001', 'C01', 15, 'Acc', 0.555, 55),
(1392, '0083382350', 'P001', 'C02', 6, 'Acc', 0.555, 55),
(1393, '0083382350', 'P001', 'C03', 19, 'Acc', 0.555, 55),
(1394, '0083382350', 'P001', 'C04', 11, 'Acc', 0.555, 55),
(1395, '0087737925', 'P001', 'C01', 15, 'Acc', 0.4175, 81),
(1396, '0087737925', 'P001', 'C02', 4, 'Acc', 0.4175, 81),
(1397, '0087737925', 'P001', 'C03', 8, 'Acc', 0.4175, 81),
(1398, '0087737925', 'P001', 'C04', 10, 'Acc', 0.4175, 81),
(1418, '0085054818', 'P001', 'C04', 11, 'Acc', 0.555, 57),
(1417, '0085054818', 'P001', 'C03', 19, 'Acc', 0.555, 57),
(1416, '0085054818', 'P001', 'C02', 6, 'Acc', 0.555, 57),
(1415, '0085054818', 'P001', 'C01', 15, 'Acc', 0.555, 57),
(1419, '0077670982', 'P001', 'C01', 15, 'Acc', 0.3675, 107),
(1420, '0077670982', 'P001', 'C02', 4, 'Acc', 0.3675, 107),
(1421, '0077670982', 'P001', 'C03', 8, 'Acc', 0.3675, 107),
(1422, '0077670982', 'P001', 'C04', 11, 'Acc', 0.3675, 107),
(1423, '0087036700', 'P001', 'C01', 15, 'Acc', 0.3675, 116),
(1424, '0087036700', 'P001', 'C02', 4, 'Acc', 0.3675, 116),
(1425, '0087036700', 'P001', 'C03', 8, 'Acc', 0.3675, 116),
(1426, '0087036700', 'P001', 'C04', 11, 'Acc', 0.3675, 116),
(1427, '0072554937', 'P001', 'C01', 15, 'Acc', 0.3175, 128),
(1428, '0072554937', 'P001', 'C02', 4, 'Acc', 0.3175, 128),
(1429, '0072554937', 'P001', 'C03', 8, 'Acc', 0.3175, 128),
(1430, '0072554937', 'P001', 'C04', 21, 'Acc', 0.3175, 128),
(1431, '0089984318', 'P001', 'C01', 15, 'Acc', 0.555, 58),
(1432, '0089984318', 'P001', 'C02', 6, 'Acc', 0.555, 58),
(1433, '0089984318', 'P001', 'C03', 19, 'Acc', 0.555, 58),
(1434, '0089984318', 'P001', 'C04', 11, 'Acc', 0.555, 58),
(1435, '0075284527', 'P001', 'C01', 15, 'Acc', 0.83, 11),
(1436, '0075284527', 'P001', 'C02', 7, 'Acc', 0.83, 11),
(1437, '0075284527', 'P001', 'C03', 20, 'Acc', 0.83, 11),
(1438, '0075284527', 'P001', 'C04', 10, 'Acc', 0.83, 11),
(1439, '0077437229', 'P001', 'C01', 3, 'Acc', 0.645, 30),
(1440, '0077437229', 'P001', 'C02', 6, 'Acc', 0.645, 30),
(1441, '0077437229', 'P001', 'C03', 19, 'Acc', 0.645, 30),
(1442, '0077437229', 'P001', 'C04', 10, 'Acc', 0.645, 30),
(1443, '0088489009', 'P001', 'C01', 15, 'Acc', 0.3675, 117),
(1444, '0088489009', 'P001', 'C02', 4, 'Acc', 0.3675, 117),
(1445, '0088489009', 'P001', 'C03', 8, 'Acc', 0.3675, 117),
(1446, '0088489009', 'P001', 'C04', 11, 'Acc', 0.3675, 117),
(1447, '0085556742', 'P001', 'C01', 15, 'Acc', 0.3675, 114),
(1448, '0085556742', 'P001', 'C02', 4, 'Acc', 0.3675, 114),
(1449, '0085556742', 'P001', 'C03', 8, 'Acc', 0.3675, 114),
(1450, '0085556742', 'P001', 'C04', 11, 'Acc', 0.3675, 114),
(1451, '0084758704', 'P001', 'C01', 3, 'Acc', 0.645, 31),
(1452, '0084758704', 'P001', 'C02', 6, 'Acc', 0.645, 31),
(1453, '0084758704', 'P001', 'C03', 19, 'Acc', 0.645, 31),
(1454, '0084758704', 'P001', 'C04', 10, 'Acc', 0.645, 31),
(1455, '0073091261', 'P001', 'C01', 15, 'Acc', 0.555, 51),
(1456, '0073091261', 'P001', 'C02', 6, 'Acc', 0.555, 51),
(1457, '0073091261', 'P001', 'C03', 19, 'Acc', 0.555, 51),
(1458, '0073091261', 'P001', 'C04', 11, 'Acc', 0.555, 51),
(1459, '0077990615', 'P001', 'C01', 3, 'Acc', 0.595, 39),
(1460, '0077990615', 'P001', 'C02', 6, 'Acc', 0.595, 39),
(1461, '0077990615', 'P001', 'C03', 19, 'Acc', 0.595, 39),
(1462, '0077990615', 'P001', 'C04', 11, 'Acc', 0.595, 39),
(1463, '0082876561', 'P001', 'C01', 15, 'Acc', 0.3675, 112),
(1464, '0082876561', 'P001', 'C02', 4, 'Acc', 0.3675, 112),
(1465, '0082876561', 'P001', 'C03', 8, 'Acc', 0.3675, 112),
(1466, '0082876561', 'P001', 'C04', 11, 'Acc', 0.3675, 112),
(1467, '0081040352', 'P001', 'C01', 15, 'Acc', 0.4175, 80),
(1468, '0081040352', 'P001', 'C02', 4, 'Acc', 0.4175, 80),
(1469, '0081040352', 'P001', 'C03', 8, 'Acc', 0.4175, 80),
(1470, '0081040352', 'P001', 'C04', 10, 'Acc', 0.4175, 80),
(1471, '0089042321', 'P001', 'C01', 15, 'Acc', 0.4175, 82),
(1472, '0089042321', 'P001', 'C02', 4, 'Acc', 0.4175, 82),
(1473, '0089042321', 'P001', 'C03', 8, 'Acc', 0.4175, 82),
(1474, '0089042321', 'P001', 'C04', 10, 'Acc', 0.4175, 82),
(1475, '0075597330', 'P001', 'C01', 3, 'Acc', 0.53666666666667, 62),
(1476, '0075597330', 'P001', 'C02', 5, 'Acc', 0.53666666666667, 62),
(1477, '0075597330', 'P001', 'C03', 8, 'Acc', 0.53666666666667, 62),
(1478, '0075597330', 'P001', 'C04', 22, 'Acc', 0.53666666666667, 62),
(1479, '0071884212', 'P001', 'C01', 15, 'Acc', 0.44666666666667, 70),
(1480, '0071884212', 'P001', 'C02', 5, 'Acc', 0.44666666666667, 70),
(1481, '0071884212', 'P001', 'C03', 8, 'Acc', 0.44666666666667, 70),
(1482, '0071884212', 'P001', 'C04', 10, 'Acc', 0.44666666666667, 70),
(1483, '0084954008', 'P001', 'C01', 3, 'Acc', 0.4575, 67),
(1484, '0084954008', 'P001', 'C02', 4, 'Acc', 0.4575, 67),
(1485, '0084954008', 'P001', 'C03', 8, 'Acc', 0.4575, 67),
(1486, '0084954008', 'P001', 'C04', 10, 'Acc', 0.4575, 67),
(1487, '0072676378', 'P001', 'C01', 15, 'Acc', 0.3175, 129),
(1488, '0072676378', 'P001', 'C02', 4, 'Acc', 0.3175, 129),
(1489, '0072676378', 'P001', 'C03', 8, 'Acc', 0.3175, 129),
(1490, '0072676378', 'P001', 'C04', 21, 'Acc', 0.3175, 129),
(1491, '0074392207', 'P001', 'C01', 15, 'Acc', 0.39666666666667, 92),
(1492, '0074392207', 'P001', 'C02', 5, 'Acc', 0.39666666666667, 92),
(1493, '0074392207', 'P001', 'C03', 8, 'Acc', 0.39666666666667, 92),
(1494, '0074392207', 'P001', 'C04', 11, 'Acc', 0.39666666666667, 92),
(1495, '0088227134', 'P001', 'C01', 15, 'Acc', 0.78, 27),
(1496, '0088227134', 'P001', 'C02', 7, 'Acc', 0.78, 27),
(1497, '0088227134', 'P001', 'C03', 20, 'Acc', 0.78, 27),
(1498, '0088227134', 'P001', 'C04', 11, 'Acc', 0.78, 27),
(1499, '0084045051', 'P001', 'C01', 3, 'Acc', 0.595, 41),
(1500, '0084045051', 'P001', 'C02', 6, 'Acc', 0.595, 41),
(1501, '0084045051', 'P001', 'C03', 19, 'Acc', 0.595, 41),
(1502, '0084045051', 'P001', 'C04', 11, 'Acc', 0.595, 41),
(1503, '0084829491', 'P001', 'C01', 15, 'Acc', 0.3675, 113),
(1504, '0084829491', 'P001', 'C02', 4, 'Acc', 0.3675, 113),
(1505, '0084829491', 'P001', 'C03', 8, 'Acc', 0.3675, 113),
(1506, '0084829491', 'P001', 'C04', 11, 'Acc', 0.3675, 113),
(1507, '0076946344', 'P001', 'C01', 15, 'Acc', 0.3675, 106),
(1508, '0076946344', 'P001', 'C02', 4, 'Acc', 0.3675, 106),
(1509, '0076946344', 'P001', 'C03', 8, 'Acc', 0.3675, 106),
(1510, '0076946344', 'P001', 'C04', 11, 'Acc', 0.3675, 106),
(1511, '0084308680', 'P001', 'C01', 15, 'Acc', 0.555, 56),
(1512, '0084308680', 'P001', 'C02', 6, 'Acc', 0.555, 56),
(1513, '0084308680', 'P001', 'C03', 19, 'Acc', 0.555, 56),
(1514, '0084308680', 'P001', 'C04', 11, 'Acc', 0.555, 56),
(1515, '0074661427', 'P001', 'C01', 15, 'Acc', 0.44666666666667, 71),
(1516, '0074661427', 'P001', 'C02', 5, 'Acc', 0.44666666666667, 71),
(1517, '0074661427', 'P001', 'C03', 9, 'Acc', 0.44666666666667, 71),
(1518, '0074661427', 'P001', 'C04', 11, 'Acc', 0.44666666666667, 71),
(1519, '0084482084', 'P001', 'C01', 15, 'Acc', 0.605, 34),
(1520, '0084482084', 'P001', 'C02', 6, 'Acc', 0.605, 34),
(1521, '0084482084', 'P001', 'C03', 19, 'Acc', 0.605, 34),
(1522, '0084482084', 'P001', 'C04', 10, 'Acc', 0.605, 34),
(1523, '0089255777', 'P001', 'C01', 3, 'Acc', 0.43666666666667, 76),
(1524, '0089255777', 'P001', 'C02', 5, 'Acc', 0.43666666666667, 76),
(1525, '0089255777', 'P001', 'C03', 8, 'Acc', 0.43666666666667, 76),
(1526, '0089255777', 'P001', 'C04', 11, 'Acc', 0.43666666666667, 76),
(1527, '0086766270', 'P001', 'C01', 15, 'Acc', 0.3675, 115),
(1528, '0086766270', 'P001', 'C02', 4, 'Acc', 0.3675, 115),
(1529, '0086766270', 'P001', 'C03', 8, 'Acc', 0.3675, 115),
(1530, '0086766270', 'P001', 'C04', 11, 'Acc', 0.3675, 115),
(1531, '0081114151', 'P001', 'C01', 15, 'Acc', 0.3675, 111),
(1532, '0081114151', 'P001', 'C02', 4, 'Acc', 0.3675, 111),
(1533, '0081114151', 'P001', 'C03', 8, 'Acc', 0.3675, 111),
(1534, '0081114151', 'P001', 'C04', 11, 'Acc', 0.3675, 111),
(1535, '3064550137', 'P001', 'C01', 15, 'Acc', 0.83, 13),
(1536, '3064550137', 'P001', 'C02', 7, 'Acc', 0.83, 13),
(1537, '3064550137', 'P001', 'C03', 20, 'Acc', 0.83, 13),
(1538, '3064550137', 'P001', 'C04', 10, 'Acc', 0.83, 13),
(1539, '0072588400', 'P001', 'C01', 3, 'Acc', 0.595, 36),
(1540, '0072588400', 'P001', 'C02', 6, 'Acc', 0.595, 36),
(1541, '0072588400', 'P001', 'C03', 19, 'Acc', 0.595, 36),
(1542, '0072588400', 'P001', 'C04', 11, 'Acc', 0.595, 36),
(1543, '0064866478', 'P001', 'C01', 15, 'Acc', 0.555, 49),
(1544, '0064866478', 'P001', 'C02', 6, 'Acc', 0.555, 49),
(1545, '0064866478', 'P001', 'C03', 19, 'Acc', 0.555, 49),
(1546, '0064866478', 'P001', 'C04', 11, 'Acc', 0.555, 49),
(1547, '0069417175', 'P001', 'C01', 1, 'Acc', 1, 2),
(1548, '0069417175', 'P001', 'C02', 7, 'Acc', 1, 2),
(1549, '0069417175', 'P001', 'C03', 20, 'Acc', 1, 2),
(1550, '0069417175', 'P001', 'C04', 22, 'Acc', 1, 2),
(1551, '3061327871', 'P001', 'C01', 15, 'Acc', 0.3675, 121),
(1552, '3061327871', 'P001', 'C02', 4, 'Acc', 0.3675, 121),
(1553, '3061327871', 'P001', 'C03', 8, 'Acc', 0.3675, 121),
(1554, '3061327871', 'P001', 'C04', 11, 'Acc', 0.3675, 121),
(1555, '0063809236', 'P001', 'C01', 3, 'Acc', 0.43666666666667, 73),
(1556, '0063809236', 'P001', 'C02', 5, 'Acc', 0.43666666666667, 73),
(1557, '0063809236', 'P001', 'C03', 8, 'Acc', 0.43666666666667, 73),
(1558, '0063809236', 'P001', 'C04', 11, 'Acc', 0.43666666666667, 73),
(1559, '0077622146', 'P001', 'C01', 15, 'Acc', 0.44666666666667, 72),
(1560, '0077622146', 'P001', 'C02', 5, 'Acc', 0.44666666666667, 72),
(1561, '0077622146', 'P001', 'C03', 9, 'Acc', 0.44666666666667, 72),
(1562, '0077622146', 'P001', 'C04', 11, 'Acc', 0.44666666666667, 72),
(1563, '0077538119', 'P001', 'C01', 15, 'Acc', 0.39666666666667, 94),
(1564, '0077538119', 'P001', 'C02', 5, 'Acc', 0.39666666666667, 94),
(1565, '0077538119', 'P001', 'C03', 8, 'Acc', 0.39666666666667, 94),
(1566, '0077538119', 'P001', 'C04', 11, 'Acc', 0.39666666666667, 94),
(1567, '0068711647', 'P001', 'C01', 3, 'Acc', 0.4075, 89),
(1568, '0068711647', 'P001', 'C02', 4, 'Acc', 0.4075, 89),
(1569, '0068711647', 'P001', 'C03', 8, 'Acc', 0.4075, 89),
(1570, '0068711647', 'P001', 'C04', 11, 'Acc', 0.4075, 89),
(1571, '0068749366', 'P001', 'C01', 15, 'Acc', 0.3675, 101),
(1572, '0068749366', 'P001', 'C02', 4, 'Acc', 0.3675, 101),
(1573, '0068749366', 'P001', 'C03', 8, 'Acc', 0.3675, 101),
(1574, '0068749366', 'P001', 'C04', 11, 'Acc', 0.3675, 101),
(1575, '0066266785', 'P001', 'C01', 3, 'Acc', 0.82, 15),
(1576, '0066266785', 'P001', 'C02', 7, 'Acc', 0.82, 15),
(1577, '0066266785', 'P001', 'C03', 20, 'Acc', 0.82, 15),
(1578, '0066266785', 'P001', 'C04', 11, 'Acc', 0.82, 15),
(1579, '0075877047', 'P001', 'C01', 15, 'Acc', 0.3675, 103),
(1580, '0075877047', 'P001', 'C02', 4, 'Acc', 0.3675, 103),
(1581, '0075877047', 'P001', 'C03', 8, 'Acc', 0.3675, 103),
(1582, '0075877047', 'P001', 'C04', 11, 'Acc', 0.3675, 103),
(1583, '0064022567', 'P001', 'C01', 15, 'Acc', 0.78, 25),
(1584, '0064022567', 'P001', 'C02', 7, 'Acc', 0.78, 25),
(1585, '0064022567', 'P001', 'C03', 20, 'Acc', 0.78, 25),
(1586, '0064022567', 'P001', 'C04', 11, 'Acc', 0.78, 25),
(1587, '0072320260', 'P001', 'C01', 3, 'Acc', 0.43666666666667, 74),
(1588, '0072320260', 'P001', 'C02', 5, 'Acc', 0.43666666666667, 74),
(1589, '0072320260', 'P001', 'C03', 8, 'Acc', 0.43666666666667, 74),
(1590, '0072320260', 'P001', 'C04', 11, 'Acc', 0.43666666666667, 74),
(1591, '0071219134', 'P001', 'C01', 3, 'Acc', 0.82, 16),
(1592, '0071219134', 'P001', 'C02', 7, 'Acc', 0.82, 16),
(1593, '0071219134', 'P001', 'C03', 20, 'Acc', 0.82, 16),
(1594, '0071219134', 'P001', 'C04', 11, 'Acc', 0.82, 16),
(1595, '0071728198', 'P001', 'C01', 3, 'Acc', 0.82, 17),
(1596, '0071728198', 'P001', 'C02', 7, 'Acc', 0.82, 17),
(1597, '0071728198', 'P001', 'C03', 20, 'Acc', 0.82, 17),
(1598, '0071728198', 'P001', 'C04', 11, 'Acc', 0.82, 17),
(1599, '0077756996', 'P001', 'C01', 15, 'Acc', 0.3675, 108),
(1600, '0077756996', 'P001', 'C02', 4, 'Acc', 0.3675, 108),
(1601, '0077756996', 'P001', 'C03', 8, 'Acc', 0.3675, 108),
(1602, '0077756996', 'P001', 'C04', 11, 'Acc', 0.3675, 108),
(1603, '0073295544', 'P001', 'C01', 15, 'Acc', 0.3675, 102),
(1604, '0073295544', 'P001', 'C02', 4, 'Acc', 0.3675, 102),
(1605, '0073295544', 'P001', 'C03', 8, 'Acc', 0.3675, 102),
(1606, '0073295544', 'P001', 'C04', 11, 'Acc', 0.3675, 102),
(1607, '0054920560', 'P001', 'C01', 15, 'Acc', 0.3675, 98),
(1608, '0054920560', 'P001', 'C02', 4, 'Acc', 0.3675, 98),
(1609, '0054920560', 'P001', 'C03', 8, 'Acc', 0.3675, 98),
(1610, '0054920560', 'P001', 'C04', 11, 'Acc', 0.3675, 98),
(1611, '0076899434', 'P001', 'C01', 15, 'Acc', 0.78, 26),
(1612, '0076899434', 'P001', 'C02', 7, 'Acc', 0.78, 26),
(1613, '0076899434', 'P001', 'C03', 20, 'Acc', 0.78, 26),
(1614, '0076899434', 'P001', 'C04', 11, 'Acc', 0.78, 26),
(1615, '0078740949', 'P001', 'C01', 15, 'Acc', 0.4175, 79),
(1616, '0078740949', 'P001', 'C02', 4, 'Acc', 0.4175, 79),
(1617, '0078740949', 'P001', 'C03', 8, 'Acc', 0.4175, 79),
(1618, '0078740949', 'P001', 'C04', 10, 'Acc', 0.4175, 79),
(1619, '0076423550', 'P001', 'C01', 15, 'Acc', 0.3675, 104),
(1620, '0076423550', 'P001', 'C02', 4, 'Acc', 0.3675, 104),
(1621, '0076423550', 'P001', 'C03', 8, 'Acc', 0.3675, 104),
(1622, '0076423550', 'P001', 'C04', 11, 'Acc', 0.3675, 104),
(1623, '0063581924', 'P001', 'C01', 15, 'Acc', 0.3675, 99),
(1624, '0063581924', 'P001', 'C02', 4, 'Acc', 0.3675, 99),
(1625, '0063581924', 'P001', 'C03', 8, 'Acc', 0.3675, 99),
(1626, '0063581924', 'P001', 'C04', 11, 'Acc', 0.3675, 99),
(1627, '0139889199', 'P001', 'C01', 3, 'Acc', 0.4575, 68),
(1628, '0139889199', 'P001', 'C02', 4, 'Acc', 0.4575, 68),
(1629, '0139889199', 'P001', 'C03', 8, 'Acc', 0.4575, 68),
(1630, '0139889199', 'P001', 'C04', 10, 'Acc', 0.4575, 68),
(1631, '0074516151', 'P001', 'C01', 15, 'Acc', 0.34666666666667, 127),
(1632, '0074516151', 'P001', 'C02', 5, 'Acc', 0.34666666666667, 127),
(1633, '0074516151', 'P001', 'C03', 8, 'Acc', 0.34666666666667, 127),
(1634, '0074516151', 'P001', 'C04', 21, 'Acc', 0.34666666666667, 127),
(1635, '0074438280', 'P001', 'C01', 15, 'Acc', 0.39666666666667, 93),
(1636, '0074438280', 'P001', 'C02', 5, 'Acc', 0.39666666666667, 93),
(1637, '0074438280', 'P001', 'C03', 8, 'Acc', 0.39666666666667, 93),
(1638, '0074438280', 'P001', 'C04', 11, 'Acc', 0.39666666666667, 93),
(1639, '0067068278', 'P001', 'C01', 15, 'Acc', 0.3675, 100),
(1640, '0067068278', 'P001', 'C02', 4, 'Acc', 0.3675, 100),
(1641, '0067068278', 'P001', 'C03', 8, 'Acc', 0.3675, 100),
(1642, '0067068278', 'P001', 'C04', 11, 'Acc', 0.3675, 100),
(1643, '0076905483', 'P001', 'C01', 15, 'Acc', 0.3675, 105),
(1644, '0076905483', 'P001', 'C02', 4, 'Acc', 0.3675, 105),
(1645, '0076905483', 'P001', 'C03', 8, 'Acc', 0.3675, 105),
(1646, '0076905483', 'P001', 'C04', 11, 'Acc', 0.3675, 105),
(1647, '0076674062', 'P001', 'C01', 3, 'Acc', 0.53666666666667, 63),
(1648, '0076674062', 'P001', 'C02', 5, 'Acc', 0.53666666666667, 63),
(1649, '0076674062', 'P001', 'C03', 19, 'Acc', 0.53666666666667, 63),
(1650, '0076674062', 'P001', 'C04', 11, 'Acc', 0.53666666666667, 63),
(1651, '0051056240', 'P001', 'C01', 15, 'Acc', 0.83, 10),
(1652, '0051056240', 'P001', 'C02', 7, 'Acc', 0.83, 10),
(1653, '0051056240', 'P001', 'C03', 20, 'Acc', 0.83, 10),
(1654, '0051056240', 'P001', 'C04', 10, 'Acc', 0.83, 10),
(1655, '0053840255', 'P001', 'C01', 15, 'Acc', 0.4175, 78),
(1656, '0053840255', 'P001', 'C02', 4, 'Acc', 0.4175, 78),
(1657, '0053840255', 'P001', 'C03', 8, 'Acc', 0.4175, 78),
(1658, '0053840255', 'P001', 'C04', 10, 'Acc', 0.4175, 78),
(1659, '0062674776', 'P001', 'C01', 15, 'Acc', 0.49666666666667, 64),
(1660, '0062674776', 'P001', 'C02', 5, 'Acc', 0.49666666666667, 64),
(1661, '0062674776', 'P001', 'C03', 8, 'Acc', 0.49666666666667, 64),
(1662, '0062674776', 'P001', 'C04', 22, 'Acc', 0.49666666666667, 64),
(1663, '0074010295', 'P001', 'C01', 15, 'Acc', 0.555, 52),
(1664, '0074010295', 'P001', 'C02', 6, 'Acc', 0.555, 52),
(1665, '0074010295', 'P001', 'C03', 19, 'Acc', 0.555, 52),
(1666, '0074010295', 'P001', 'C04', 11, 'Acc', 0.555, 52),
(1667, '0068583601', 'P001', 'C01', 1, 'Acc', 1, 1),
(1668, '0068583601', 'P001', 'C02', 7, 'Acc', 1, 1),
(1669, '0068583601', 'P001', 'C03', 20, 'Acc', 1, 1),
(1670, '0068583601', 'P001', 'C04', 22, 'Acc', 1, 1),
(1671, '0074453471', 'P001', 'C01', 3, 'Acc', 0.82, 19),
(1672, '0074453471', 'P001', 'C02', 7, 'Acc', 0.82, 19),
(1673, '0074453471', 'P001', 'C03', 20, 'Acc', 0.82, 19),
(1674, '0074453471', 'P001', 'C04', 11, 'Acc', 0.82, 19),
(1675, '0078926326', 'P001', 'C01', 15, 'Acc', 0.3675, 110),
(1676, '0078926326', 'P001', 'C02', 4, 'Acc', 0.3675, 110),
(1677, '0078926326', 'P001', 'C03', 8, 'Acc', 0.3675, 110),
(1678, '0078926326', 'P001', 'C04', 11, 'Acc', 0.3675, 110),
(1679, '0085972652', 'P001', 'C01', 15, 'Acc', 0.39666666666667, 96),
(1680, '0085972652', 'P001', 'C02', 5, 'Acc', 0.39666666666667, 96),
(1681, '0085972652', 'P001', 'C03', 8, 'Acc', 0.39666666666667, 96),
(1682, '0085972652', 'P001', 'C04', 11, 'Acc', 0.39666666666667, 96),
(1683, '0074492509', 'P001', 'C01', 3, 'Acc', 0.4075, 90),
(1684, '0074492509', 'P001', 'C02', 4, 'Acc', 0.4075, 90),
(1685, '0074492509', 'P001', 'C03', 8, 'Acc', 0.4075, 90),
(1686, '0074492509', 'P001', 'C04', 11, 'Acc', 0.4075, 90),
(1687, '0053191967', 'P001', 'C01', 15, 'Acc', 0.555, 48),
(1688, '0053191967', 'P001', 'C02', 6, 'Acc', 0.555, 48),
(1689, '0053191967', 'P001', 'C03', 19, 'Acc', 0.555, 48),
(1690, '0053191967', 'P001', 'C04', 11, 'Acc', 0.555, 48),
(1691, '0072260029', 'P001', 'C01', 3, 'Acc', 0.82, 18),
(1692, '0072260029', 'P001', 'C02', 7, 'Acc', 0.82, 18),
(1693, '0072260029', 'P001', 'C03', 20, 'Acc', 0.82, 18),
(1694, '0072260029', 'P001', 'C04', 11, 'Acc', 0.82, 18),
(1695, '0062749675', 'P001', 'C01', 3, 'Acc', 0.82, 14),
(1696, '0062749675', 'P001', 'C02', 7, 'Acc', 0.82, 14),
(1697, '0062749675', 'P001', 'C03', 20, 'Acc', 0.82, 14),
(1698, '0062749675', 'P001', 'C04', 11, 'Acc', 0.82, 14),
(1699, '0078519237', 'P001', 'C01', 15, 'Acc', 0.3675, 109),
(1700, '0078519237', 'P001', 'C02', 4, 'Acc', 0.3675, 109),
(1701, '0078519237', 'P001', 'C03', 8, 'Acc', 0.3675, 109),
(1702, '0078519237', 'P001', 'C04', 11, 'Acc', 0.3675, 109),
(1703, '0067219157', 'P001', 'C01', 3, 'Acc', 0.4075, 88),
(1704, '0067219157', 'P001', 'C02', 4, 'Acc', 0.4075, 88),
(1705, '0067219157', 'P001', 'C03', 8, 'Acc', 0.4075, 88),
(1706, '0067219157', 'P001', 'C04', 11, 'Acc', 0.4075, 88),
(1707, '0077082483', 'P001', 'C01', 3, 'Acc', 0.595, 38),
(1708, '0077082483', 'P001', 'C02', 6, 'Acc', 0.595, 38),
(1709, '0077082483', 'P001', 'C03', 19, 'Acc', 0.595, 38),
(1710, '0077082483', 'P001', 'C04', 11, 'Acc', 0.595, 38),
(1711, '0078264150', 'P001', 'C01', 15, 'Acc', 0.555, 53),
(1712, '0078264150', 'P001', 'C02', 6, 'Acc', 0.555, 53),
(1713, '0078264150', 'P001', 'C03', 19, 'Acc', 0.555, 53),
(1714, '0078264150', 'P001', 'C04', 11, 'Acc', 0.555, 53),
(1715, '0072856937', 'P001', 'C01', 3, 'Acc', 0.4575, 66),
(1716, '0072856937', 'P001', 'C02', 4, 'Acc', 0.4575, 66),
(1717, '0072856937', 'P001', 'C03', 8, 'Acc', 0.4575, 66),
(1718, '0072856937', 'P001', 'C04', 10, 'Acc', 0.4575, 66),
(1719, '0073267622', 'P001', 'C01', 3, 'Acc', 0.595, 37),
(1720, '0073267622', 'P001', 'C02', 6, 'Acc', 0.595, 37),
(1721, '0073267622', 'P001', 'C03', 19, 'Acc', 0.595, 37),
(1722, '0073267622', 'P001', 'C04', 11, 'Acc', 0.595, 37),
(1723, '0071022261', 'P001', 'C01', 3, 'Acc', 0.595, 35),
(1724, '0071022261', 'P001', 'C02', 6, 'Acc', 0.595, 35),
(1725, '0071022261', 'P001', 'C03', 19, 'Acc', 0.595, 35),
(1726, '0071022261', 'P001', 'C04', 11, 'Acc', 0.595, 35),
(1727, '0069080008', 'P001', 'C01', 15, 'Acc', 0.44666666666667, 69),
(1728, '0069080008', 'P001', 'C02', 5, 'Acc', 0.44666666666667, 69),
(1729, '0069080008', 'P001', 'C03', 8, 'Acc', 0.44666666666667, 69),
(1730, '0069080008', 'P001', 'C04', 10, 'Acc', 0.44666666666667, 69),
(1731, '0077710892', 'P001', 'C01', 3, 'Acc', 0.82, 21),
(1732, '0077710892', 'P001', 'C02', 7, 'Acc', 0.82, 21),
(1733, '0077710892', 'P001', 'C03', 20, 'Acc', 0.82, 21),
(1734, '0077710892', 'P001', 'C04', 11, 'Acc', 0.82, 21),
(2012, '0012345678', 'P002', 'C04', 11, 'Acc', 1, 1),
(2011, '0012345678', 'P002', 'C03', 9, 'Acc', 1, 1),
(2009, '0012345678', 'P002', 'C01', 15, 'Acc', 1, 1),
(2010, '0012345678', 'P002', 'C02', 6, 'Acc', 1, 1);

-- --------------------------------------------------------

--
-- Table structure for table `tb_siswa`
--

CREATE TABLE `tb_siswa` (
  `kode_siswa` varchar(16) NOT NULL,
  `nama_siswa` text DEFAULT NULL,
  `kode_kelas` varchar(16) DEFAULT NULL
) ENGINE=MyISAM DEFAULT CHARSET=latin1 COLLATE=latin1_swedish_ci;

--
-- Dumping data for table `tb_siswa`
--

INSERT INTO `tb_siswa` (`kode_siswa`, `nama_siswa`, `kode_kelas`) VALUES
('0084045051', 'M. Raihan Setia Abdullah', 'K08'),
('0088227134', 'Tika Ramadani', 'K08'),
('0074392207', 'Sofia Matlubah', 'K07'),
('0072676378', 'Siti Zulfia', 'K07'),
('0084954008', 'Wulan Adistia Febiyanti', 'K07'),
('0071884212', 'Alfian Saputra', 'K07'),
('0075597330', 'Reza Arsyadia', 'K07'),
('0089042321', 'Nayla Agustina', 'K07'),
('0081040352', 'Achmad Zaen Efendi', 'K07'),
('0082876561', 'Vepi Oktaviana', 'K07'),
('0077990615', 'Akhmad Rifqi Ramdani', 'K07'),
('0073091261', 'Elisatun Nabila', 'K07'),
('0084758704', 'M. Huda Mustaqim', 'K06'),
('0085556742', 'Yosi Anisatul Mulida', 'K06'),
('0088489009', 'Altafia Estu Mahirriyani', 'K06'),
('0077437229', 'Atina Nafisatal Hidayah', 'K06'),
('0075284527', 'Nadjwa Hairunnisa', 'K06'),
('0089984318', 'Ika Setianingrum', 'K06'),
('0072554937', 'Ahmad Prayogi Nur Pratama', 'K06'),
('0087036700', 'Zulia Mita Arkhami', 'K06'),
('0077670982', 'Irfiani Salma Ramadhani', 'K06'),
('0085054818', 'Kis Bandi', 'K06'),
('0087737925', 'Nita Novita', 'K05'),
('0083382350', 'Itsnan Alamul Yaqin', 'K05'),
('3056417808', 'M. Irfanudin', 'K05'),
('0087472003', 'Quthrotus Salsabila', 'K05'),
('0078916939', 'Muhammad Salman Zamzami', 'K05'),
('0072178274', 'Muhamad Fajar Jahwa', 'K05'),
('0068178171', 'Bayu Andriyan', 'K05'),
('0069030014', 'Kurotu Naeni', 'K05'),
('0083568330', 'Muhamad Aza Apriangga', 'K05'),
('0087853804', 'Adinda Fenti Rahmadani', 'K05'),
('0076975908', 'Muhammad Farhan Ramadhan', 'K04'),
('0071000318', 'Imam Aril Subekti', 'K04'),
('0078956377', 'Fajri Afrizal', 'K04'),
('0072240847', 'Maeyoga Rojul Andrian', 'K04'),
('0099019746', 'Marsa Havillah Muna', 'K04'),
('0098056674', 'Anaya Zafira Syahdina', 'K04'),
('0083095060', 'Asya Maulaya Ayahdiani', 'K04'),
('0089552965', 'Ahmad Fahim Royani', 'K04'),
('3090811975', 'Bilqis Al Ghazali', 'K04'),
('3074353350', 'Akhmad Fathir Azmi Zakaria', 'K04'),
('0093054435', 'Diva Ayunda Fhebianty', 'K03'),
('0093840229', 'Rizky Adhitya', 'K03'),
('0082924771', 'Marsha Kaela Putri Purwasih', 'K03'),
('0091249971', 'Lintang Putri Riyanti', 'K03'),
('0095273081', 'Suci Meylani', 'K03'),
('0093555988', 'Mohammad Rifki Ramadan', 'K03'),
('0098617681', 'M. Fahri Ramadani', 'K03'),
('0091579877', 'M. Ibnu Aufa Anas', 'K03'),
('0093515573', 'Disya Nisrina Aufa', 'K03'),
('0084135464', 'Siti Ayu Wulandari', 'K03'),
('3087849885', 'Nafis Anggraeni', 'K02'),
('3085328088', 'Mohamad Pasha Ramadan', 'K02'),
('3082764223', 'Moh. Agung Saputra', 'K02'),
('3085528642', 'Moh Fathul Amalana', 'K02'),
('3097914985', 'M. Zundi Khoerul Faqih', 'K02'),
('3083596256', 'Priska Nazwa Aulia', 'K02'),
('3096693185', 'Ariel Hidayatulloh', 'K02'),
('3082369826', 'Sabiluna Listighfarin', 'K02'),
('3083594392', 'Muhamad Ade Irwansah', 'K02'),
('3098002579', 'Eka Maulidiana Arum', 'K02'),
('0091183399', 'Kiki Marya Ulfa', 'K01'),
('0092840411', 'Raisya Cahya Salsabila', 'K01'),
('0089757888', 'Silvi Oktovia', 'K01'),
('0085900570', 'Via Stephani', 'K01'),
('0082912438', 'Kevin Aminnulloh', 'K01'),
('3090430275', 'M. Kevin Ardiansyah', 'K01'),
('3088426270', 'Parel  Rehan Pabian', 'K01'),
('3096355187', 'Muhammad Azka Aminulloh', 'K01'),
('3099174969', 'M. Riskon Bahtiar', 'K01'),
('3095636208', 'Ulul Azmi Evan Maulana', 'K01'),
('0084829491', 'Ashilla Asfa A Rafah', 'K08'),
('0076946344', 'Fitria Ayuningtyas', 'K08'),
('0084308680', 'Syaila Zaqiya', 'K08'),
('0074661427', 'Siti Izatun Nisa', 'K08'),
('0084482084', 'Indri Apriliana', 'K08'),
('0089255777', 'Muhamad Syafiqur Rohman', 'K08'),
('0086766270', 'Alika Pirani', 'K08'),
('0081114151', 'Ilyas Setiawan', 'K08'),
('3064550137', 'Raja Pratama', 'K09'),
('0072588400', 'Dini Saputri', 'K09'),
('0064866478', 'M. Ibnu Nizar Arifqi', 'K09'),
('0069417175', 'Lutfiatun Nifa', 'K09'),
('3061327871', 'M. Alfin Ardiansyah', 'K09'),
('0063809236', 'M. Adbul Rozak', 'K09'),
('0077622146', 'Yusniatun Nasabila', 'K09'),
('0077538119', 'Dela Puspita Fitriyani', 'K09'),
('0068711647', 'Gilang Nugraha Yudha', 'K09'),
('0068749366', 'Kismatun Azidah', 'K09'),
('0066266785', 'Pais Nurzaman', 'K10'),
('0075877047', 'Moh. Fadhil Arahman', 'K10'),
('0064022567', 'Mukhamad Wisnu', 'K10'),
('0072320260', 'Sherlina Lili Haryana', 'K10'),
('0071219134', 'Nur Aisyatul Afia', 'K10'),
('0071728198', 'Mh Fajri Maulana Haris', 'K10'),
('0077756996', 'Sigit Nur Cahyo', 'K10'),
('0073295544', 'Aditya Tri Widodo', 'K10'),
('0054920560', 'Maulana Arif Ramadhan', 'K10'),
('0076899434', 'Muhamad Kafi Kamaludin', 'K10'),
('0078740949', 'Zulfatus Subahunazah', 'K11'),
('0076423550', 'Arkanul Akib', 'K11'),
('0063581924', 'Abdul Fatah', 'K11'),
('0139889199', 'Mei Nailaltul Rizqi', 'K11'),
('0074516151', 'M. Guspen Khoerul M', 'K11'),
('0074438280', 'Yusuf Gilang Saputra', 'K11'),
('0067068278', 'M. Irfan Nur Rokhman', 'K11'),
('0076905483', 'Siti Hidayatu Zahro', 'K11'),
('0076674062', 'Elmi Nisfakhul Cahya', 'K11'),
('0051056240', 'Siti Fadilalah Nandasari', 'K11'),
('0053840255', 'Luki Fahmi', 'K12'),
('0062674776', 'Muhamad Wildan Al Farizi', 'K12'),
('0074010295', 'Marsya Nia Aulia', 'K12'),
('0068583601', 'Laelatul Fitri', 'K12'),
('0074453471', 'Salwa Tri Widiyani', 'K12'),
('0078926326', 'Mohamad Sopyan', 'K12'),
('0085972652', 'Ika Nur Izwatuzzahro', 'K12'),
('0074492509', 'Aldo Setiawan Ramadani', 'K12'),
('0053191967', 'Muhamad Saefudin', 'K12'),
('0072260029', 'Zazkiya Rohaitul Kaela', 'K12'),
('0062749675', 'Moh Pikar Arbi Maulana', 'K13'),
('0078519237', 'Isnan Azril Muqoyyam', 'K13'),
('0067219157', 'Fitrya Cahya Romadoni', 'K13'),
('0077082483', 'Aprida Apriliani', 'K13'),
('0077710892', 'Muhamad Ikbal', 'K13'),
('0078264150', 'Nurrudin', 'K13'),
('0072856937', 'Akhmad Wakhyu Sakhowi', 'K13'),
('0073267622', 'Keysa Maulidisna', 'K13'),
('0071022261', 'Tiyas Ayu Tsaqifa Ahfi', 'K13'),
('0069080008', 'Nyimas Larasati', 'K13'),
('0012345678', 'Urwatul afafah', 'K01');

-- --------------------------------------------------------

--
-- Table structure for table `tb_user`
--

CREATE TABLE `tb_user` (
  `id_user` int(11) NOT NULL,
  `nama_user` varchar(255) DEFAULT NULL,
  `user` varchar(16) DEFAULT NULL,
  `pass` varchar(16) DEFAULT NULL,
  `level` varchar(16) DEFAULT NULL,
  `alamat` varchar(255) DEFAULT NULL,
  `tanggal_lahir` date DEFAULT NULL,
  `telpon` varchar(16) DEFAULT NULL,
  `jk` varchar(16) DEFAULT NULL
) ENGINE=InnoDB DEFAULT CHARSET=latin1 COLLATE=latin1_swedish_ci;

--
-- Dumping data for table `tb_user`
--

INSERT INTO `tb_user` (`id_user`, `nama_user`, `user`, `pass`, `level`, `alamat`, `tanggal_lahir`, `telpon`, `jk`) VALUES
(1, 'Administrator', 'admin', 'admin', 'admin', 'jogja', '1990-09-01', '1234567890', 'Laki-laki'),
(2, 'User', 'user', '123456', 'user', 'Jakarta', '1990-08-02', '234567890', 'Perempuan');

--
-- Indexes for dumped tables
--

--
-- Indexes for table `tb_crisp`
--
ALTER TABLE `tb_crisp`
  ADD PRIMARY KEY (`kode_crisp`);

--
-- Indexes for table `tb_kelas`
--
ALTER TABLE `tb_kelas`
  ADD PRIMARY KEY (`kode_kelas`);

--
-- Indexes for table `tb_kriteria`
--
ALTER TABLE `tb_kriteria`
  ADD PRIMARY KEY (`kode_kriteria`);

--
-- Indexes for table `tb_periode`
--
ALTER TABLE `tb_periode`
  ADD PRIMARY KEY (`kode_periode`);

--
-- Indexes for table `tb_rel_siswa`
--
ALTER TABLE `tb_rel_siswa`
  ADD PRIMARY KEY (`ID`);

--
-- Indexes for table `tb_siswa`
--
ALTER TABLE `tb_siswa`
  ADD PRIMARY KEY (`kode_siswa`);

--
-- Indexes for table `tb_user`
--
ALTER TABLE `tb_user`
  ADD PRIMARY KEY (`id_user`);

--
-- AUTO_INCREMENT for dumped tables
--

--
-- AUTO_INCREMENT for table `tb_crisp`
--
ALTER TABLE `tb_crisp`
  MODIFY `kode_crisp` int(11) NOT NULL AUTO_INCREMENT, AUTO_INCREMENT=32;

--
-- AUTO_INCREMENT for table `tb_rel_siswa`
--
ALTER TABLE `tb_rel_siswa`
  MODIFY `ID` int(11) NOT NULL AUTO_INCREMENT, AUTO_INCREMENT=2013;

--
-- AUTO_INCREMENT for table `tb_user`
--
ALTER TABLE `tb_user`
  MODIFY `id_user` int(11) NOT NULL AUTO_INCREMENT, AUTO_INCREMENT=9;
COMMIT;

/*!40101 SET CHARACTER_SET_CLIENT=@OLD_CHARACTER_SET_CLIENT */;
/*!40101 SET CHARACTER_SET_RESULTS=@OLD_CHARACTER_SET_RESULTS */;
/*!40101 SET COLLATION_CONNECTION=@OLD_COLLATION_CONNECTION */;
